license_plate,acAvailable,standingCapacity,depotID,vehicle_label,id,seatingCapacity,vehicleType
GJ05BX1501,Yes,18,4,A01,fdde3e50-29d1-4046-a5a6-3ec2f68a55b6,30,BRT Bus Mini Bus
GJ05BX1580,Yes,18,4,A02,fdde3e50-29d1-4046-a5a6-3ec2f68a55b6,30,BRT Bus Mini Bus
GJ05BX1583,Yes,18,4,A03,fdde3e50-29d1-4046-a5a6-3ec2f68a55b6,30,BRT Bus Mini Bus
GJ05BX1729,Yes,18,4,A04,fdde3e50-29d1-4046-a5a6-3ec2f68a55b6,30,BRT Bus Mini Bus
GJ05BX1750,Yes,18,4,A05,fdde3e50-29d1-4046-a5a6-3ec2f68a55b6,30,BRT Bus Mini Bus
GJ05BX1806,Yes,18,4,A06,fdde3e50-29d1-4046-a5a6-3ec2f68a55b6,30,BRT Bus Mini Bus
GJ05BX1810,Yes,18,4,A07,fdde3e50-29d1-4046-a5a6-3ec2f68a55b6,30,BRT Bus Mini Bus
GJ05BX1916,Yes,18,4,A09,fdde3e50-29d1-4046-a5a6-3ec2f68a55b6,30,BRT Bus Mini Bus
GJ05BX1857,Yes,18,4,A08,fdde3e50-29d1-4046-a5a6-3ec2f68a55b6,30,BRT Bus Mini Bus
GJ05BX1926,Yes,18,4,A10,fdde3e50-29d1-4046-a5a6-3ec2f68a55b6,30,BRT Bus Mini Bus
GJ05BX2009,Yes,18,4,A11,fdde3e50-29d1-4046-a5a6-3ec2f68a55b6,30,BRT Bus Mini Bus
GJ05BX2052,Yes,18,4,A14,fdde3e50-29d1-4046-a5a6-3ec2f68a55b6,30,BRT Bus Mini Bus
GJ05BX2048,Yes,18,4,A12,fdde3e50-29d1-4046-a5a6-3ec2f68a55b6,30,BRT Bus Mini Bus
GJ05BX2049,Yes,18,4,A13,fdde3e50-29d1-4046-a5a6-3ec2f68a55b6,30,BRT Bus Mini Bus
GJ05BX2081,Yes,18,4,A15,fdde3e50-29d1-4046-a5a6-3ec2f68a55b6,30,BRT Bus Mini Bus
GJ05BX2095,Yes,18,4,A16,fdde3e50-29d1-4046-a5a6-3ec2f68a55b6,30,BRT Bus Mini Bus
GJ05BX2112,Yes,18,4,A17,fdde3e50-29d1-4046-a5a6-3ec2f68a55b6,30,BRT Bus Mini Bus
GJ05BX2125,Yes,18,4,A18,fdde3e50-29d1-4046-a5a6-3ec2f68a55b6,30,BRT Bus Mini Bus
GJ05BX2129,Yes,18,4,A19,fdde3e50-29d1-4046-a5a6-3ec2f68a55b6,30,BRT Bus Mini Bus
GJ05BX2139,Yes,18,4,A21,fdde3e50-29d1-4046-a5a6-3ec2f68a55b6,30,BRT Bus Mini Bus
GJ05BX2147,Yes,18,4,A22,fdde3e50-29d1-4046-a5a6-3ec2f68a55b6,30,BRT Bus Mini Bus
GJ05BX2149,Yes,18,4,A23,fdde3e50-29d1-4046-a5a6-3ec2f68a55b6,30,BRT Bus Mini Bus
GJ05BX2150,Yes,18,4,A24,fdde3e50-29d1-4046-a5a6-3ec2f68a55b6,30,BRT Bus Mini Bus
GJ05BX2164,Yes,18,4,A25,fdde3e50-29d1-4046-a5a6-3ec2f68a55b6,30,BRT Bus Mini Bus
GJ05BX2181,Yes,18,4,A26,fdde3e50-29d1-4046-a5a6-3ec2f68a55b6,30,BRT Bus Mini Bus
GJ05BX2224,Yes,18,4,A28,fdde3e50-29d1-4046-a5a6-3ec2f68a55b6,30,BRT Bus Mini Bus
GJ05BX2238,Yes,18,4,A29,fdde3e50-29d1-4046-a5a6-3ec2f68a55b6,30,BRT Bus Mini Bus
GJ05BX2258,Yes,18,4,A30,fdde3e50-29d1-4046-a5a6-3ec2f68a55b6,30,BRT Bus Mini Bus
GJ05BX2259,Yes,18,4,A31,fdde3e50-29d1-4046-a5a6-3ec2f68a55b6,30,BRT Bus Mini Bus
GJ05BX2261,Yes,18,4,A33,fdde3e50-29d1-4046-a5a6-3ec2f68a55b6,30,BRT Bus Mini Bus
GJ05BX2282,Yes,18,4,A34,fdde3e50-29d1-4046-a5a6-3ec2f68a55b6,30,BRT Bus Mini Bus
GJ05BX2283,Yes,18,4,A35,fdde3e50-29d1-4046-a5a6-3ec2f68a55b6,30,BRT Bus Mini Bus
GJ05BX2335,Yes,18,4,A37,fdde3e50-29d1-4046-a5a6-3ec2f68a55b6,30,BRT Bus Mini Bus
GJ05BX2347,Yes,18,4,A38,fdde3e50-29d1-4046-a5a6-3ec2f68a55b6,30,BRT Bus Mini Bus
GJ05BX2352,Yes,18,4,A39,fdde3e50-29d1-4046-a5a6-3ec2f68a55b6,30,BRT Bus Mini Bus
GJ05BX2354,Yes,18,4,A40,fdde3e50-29d1-4046-a5a6-3ec2f68a55b6,30,BRT Bus Mini Bus
GJ05BX2376,Yes,18,4,A41,fdde3e50-29d1-4046-a5a6-3ec2f68a55b6,30,BRT Bus Mini Bus
GJ05BX2380,Yes,18,4,A42,fdde3e50-29d1-4046-a5a6-3ec2f68a55b6,30,BRT Bus Mini Bus
GJ05BX2383,Yes,18,4,A43,fdde3e50-29d1-4046-a5a6-3ec2f68a55b6,30,BRT Bus Mini Bus
GJ05BX2388,Yes,18,4,A44,fdde3e50-29d1-4046-a5a6-3ec2f68a55b6,30,BRT Bus Mini Bus
GJ05BX2389,Yes,18,4,A45,fdde3e50-29d1-4046-a5a6-3ec2f68a55b6,30,BRT Bus Mini Bus
GJ05BX2414,Yes,18,4,A46,fdde3e50-29d1-4046-a5a6-3ec2f68a55b6,30,BRT Bus Mini Bus
GJ05BX2443,Yes,18,4,A47,fdde3e50-29d1-4046-a5a6-3ec2f68a55b6,30,BRT Bus Mini Bus
GJ05BX2465,Yes,18,4,A48,fdde3e50-29d1-4046-a5a6-3ec2f68a55b6,30,BRT Bus Mini Bus
GJ05BX2498,Yes,18,4,A50,fdde3e50-29d1-4046-a5a6-3ec2f68a55b6,30,BRT Bus Mini Bus
GJ05BX2473,Yes,18,4,A49,fdde3e50-29d1-4046-a5a6-3ec2f68a55b6,30,BRT Bus Mini Bus
GJ05X9504,Yes,18,4,A51,fdde3e50-29d1-4046-a5a6-3ec2f68a55b6,30,BRT Bus Mini Bus
GJ05BX9605,Yes,18,4,A52,fdde3e50-29d1-4046-a5a6-3ec2f68a55b6,30,BRT Bus Mini Bus
GJ05BX9643,Yes,18,4,A53,fdde3e50-29d1-4046-a5a6-3ec2f68a55b6,30,BRT Bus Mini Bus
GJ05BX1544,No,18,1003,C001,fdde3e50-29d1-4046-a5a6-3ec2f68a55b6,30,City Bus
GJ05BX1679,No,18,1003,C002,fdde3e50-29d1-4046-a5a6-3ec2f68a55b6,30,City Bus
GJ05BX1825,No,18,1003,C003,fdde3e50-29d1-4046-a5a6-3ec2f68a55b6,30,City Bus
GJ05BX2010,No,18,1003,C004,fdde3e50-29d1-4046-a5a6-3ec2f68a55b6,30,City Bus
GJ05BX2013,No,18,1003,C005,fdde3e50-29d1-4046-a5a6-3ec2f68a55b6,30,City Bus
GJ05BX2018,No,18,1003,C006,fdde3e50-29d1-4046-a5a6-3ec2f68a55b6,30,City Bus
GJ05BX2020,No,18,1003,C007,fdde3e50-29d1-4046-a5a6-3ec2f68a55b6,30,City Bus
GJ05BX2022,No,18,1003,C008,fdde3e50-29d1-4046-a5a6-3ec2f68a55b6,30,City Bus
GJ05BX2033,No,18,1003,C009,fdde3e50-29d1-4046-a5a6-3ec2f68a55b6,30,City Bus
GJ05BX2038,No,18,1003,C010,fdde3e50-29d1-4046-a5a6-3ec2f68a55b6,30,City Bus
GJ05BX2045,No,18,1003,C011,fdde3e50-29d1-4046-a5a6-3ec2f68a55b6,30,City Bus
GJ05BX2050,No,18,1003,C012,fdde3e50-29d1-4046-a5a6-3ec2f68a55b6,30,City Bus
GJ05BX2051,No,18,1003,C013,fdde3e50-29d1-4046-a5a6-3ec2f68a55b6,30,City Bus
GJ05BX2055,No,18,1003,C014,fdde3e50-29d1-4046-a5a6-3ec2f68a55b6,30,City Bus
GJ05BX2061,No,18,1003,C015,fdde3e50-29d1-4046-a5a6-3ec2f68a55b6,30,City Bus
GJ05BX2062,No,18,1003,C016,fdde3e50-29d1-4046-a5a6-3ec2f68a55b6,30,City Bus
GJ05BX2064,No,18,1003,C017,fdde3e50-29d1-4046-a5a6-3ec2f68a55b6,30,City Bus
GJ05BX2065,No,18,1003,C018,fdde3e50-29d1-4046-a5a6-3ec2f68a55b6,30,City Bus
GJ05BX2080,No,18,1003,C020,fdde3e50-29d1-4046-a5a6-3ec2f68a55b6,30,City Bus
GJ05BX2082,No,18,1003,C021,fdde3e50-29d1-4046-a5a6-3ec2f68a55b6,30,City Bus
GJ05BX2084,No,18,1003,C022,fdde3e50-29d1-4046-a5a6-3ec2f68a55b6,30,City Bus
GJ05BX2088,No,18,1003,C023,fdde3e50-29d1-4046-a5a6-3ec2f68a55b6,30,City Bus
GJ05BX2091,No,18,1003,C025,fdde3e50-29d1-4046-a5a6-3ec2f68a55b6,30,City Bus
GJ05BX2102,No,18,1003,C026,fdde3e50-29d1-4046-a5a6-3ec2f68a55b6,30,City Bus
GJ05BX2130,No,18,1003,C027,fdde3e50-29d1-4046-a5a6-3ec2f68a55b6,30,City Bus
GJ05BX2142,No,18,1003,C028,fdde3e50-29d1-4046-a5a6-3ec2f68a55b6,30,City Bus
GJ05BX2151,No,18,1003,C029,fdde3e50-29d1-4046-a5a6-3ec2f68a55b6,30,City Bus
GJ05BX2152,No,18,1003,C030,fdde3e50-29d1-4046-a5a6-3ec2f68a55b6,30,City Bus
GJ05BX2161,No,18,1003,C031,fdde3e50-29d1-4046-a5a6-3ec2f68a55b6,30,City Bus
GJ05BX2162,No,18,1003,C032,fdde3e50-29d1-4046-a5a6-3ec2f68a55b6,30,City Bus
GJ05BX2165,No,18,1003,C033,fdde3e50-29d1-4046-a5a6-3ec2f68a55b6,30,City Bus
GJ05BX2183,No,18,1003,C034,fdde3e50-29d1-4046-a5a6-3ec2f68a55b6,30,City Bus
GJ05BX2190,No,18,1003,C035,fdde3e50-29d1-4046-a5a6-3ec2f68a55b6,30,City Bus
GJ05BX2200,No,18,1003,C036,fdde3e50-29d1-4046-a5a6-3ec2f68a55b6,30,City Bus
GJ05BX2207,No,18,1003,C037,fdde3e50-29d1-4046-a5a6-3ec2f68a55b6,30,City Bus
GJ05BX2212,No,18,1003,C038,fdde3e50-29d1-4046-a5a6-3ec2f68a55b6,30,City Bus
GJ05BX2254,No,18,1003,C042,fdde3e50-29d1-4046-a5a6-3ec2f68a55b6,30,City Bus
GJ05BX2229,No,18,1003,C040,fdde3e50-29d1-4046-a5a6-3ec2f68a55b6,30,City Bus
GJ05BX2236,No,18,1003,C041,fdde3e50-29d1-4046-a5a6-3ec2f68a55b6,30,City Bus
GJ05BX2264,No,18,1003,C043,fdde3e50-29d1-4046-a5a6-3ec2f68a55b6,30,City Bus
GJ05BX2266,No,18,1003,C044,fdde3e50-29d1-4046-a5a6-3ec2f68a55b6,30,City Bus
GJ05BX2271,No,18,1003,C045,fdde3e50-29d1-4046-a5a6-3ec2f68a55b6,30,City Bus
GJ05BX2272,No,18,1003,C046,fdde3e50-29d1-4046-a5a6-3ec2f68a55b6,30,City Bus
GJ05BX2278,No,18,1003,C047,fdde3e50-29d1-4046-a5a6-3ec2f68a55b6,30,City Bus
GJ05BX2294,No,18,1003,C048,fdde3e50-29d1-4046-a5a6-3ec2f68a55b6,30,City Bus
GJ05BX2298,No,18,1003,C049,fdde3e50-29d1-4046-a5a6-3ec2f68a55b6,30,City Bus
GJ05BX2308,No,18,1003,C051,fdde3e50-29d1-4046-a5a6-3ec2f68a55b6,30,City Bus
GJ05BX2305,No,18,1003,C050,fdde3e50-29d1-4046-a5a6-3ec2f68a55b6,30,City Bus
GJ05BX2338,No,18,1003,C052,fdde3e50-29d1-4046-a5a6-3ec2f68a55b6,30,City Bus
GJ05BX2351,No,18,1003,C054,fdde3e50-29d1-4046-a5a6-3ec2f68a55b6,30,City Bus
GJ05BX2339,No,18,1003,C053,fdde3e50-29d1-4046-a5a6-3ec2f68a55b6,30,City Bus
GJ05BX2366,No,18,1003,C055,fdde3e50-29d1-4046-a5a6-3ec2f68a55b6,30,City Bus
GJ05BX2368,No,18,1003,C056,fdde3e50-29d1-4046-a5a6-3ec2f68a55b6,30,City Bus
GJ05BX2377,No,18,1003,C057,fdde3e50-29d1-4046-a5a6-3ec2f68a55b6,30,City Bus
GJ05BX2382,No,18,1003,C058,fdde3e50-29d1-4046-a5a6-3ec2f68a55b6,30,City Bus
GJ05BX2386,No,18,1003,C059,fdde3e50-29d1-4046-a5a6-3ec2f68a55b6,30,City Bus
GJ05BX2398,No,18,1003,C060,fdde3e50-29d1-4046-a5a6-3ec2f68a55b6,30,City Bus
GJ05BX2404,No,18,1003,C061,fdde3e50-29d1-4046-a5a6-3ec2f68a55b6,30,City Bus
GJ05BX2409,No,18,1003,C062,fdde3e50-29d1-4046-a5a6-3ec2f68a55b6,30,City Bus
GJ05BX2411,No,18,1003,C063,fdde3e50-29d1-4046-a5a6-3ec2f68a55b6,30,City Bus
GJ05BX2413,No,18,1003,C064,fdde3e50-29d1-4046-a5a6-3ec2f68a55b6,30,City Bus
GJ05BX2420,No,18,1003,C065,fdde3e50-29d1-4046-a5a6-3ec2f68a55b6,30,City Bus
GJ05BX2433,No,18,1003,C066,fdde3e50-29d1-4046-a5a6-3ec2f68a55b6,30,City Bus
GJ05BX2450,No,18,1003,C067,fdde3e50-29d1-4046-a5a6-3ec2f68a55b6,30,City Bus
GJ05BX2453,No,18,1003,C068,fdde3e50-29d1-4046-a5a6-3ec2f68a55b6,30,City Bus
GJ05BX2496,No,18,1003,C070,fdde3e50-29d1-4046-a5a6-3ec2f68a55b6,30,City Bus
GJ05BX2506,No,18,1003,C071,fdde3e50-29d1-4046-a5a6-3ec2f68a55b6,30,City Bus
GJ05BX2625,No,18,1003,C072,fdde3e50-29d1-4046-a5a6-3ec2f68a55b6,30,City Bus
GJ05BX2654,No,18,1003,C074,fdde3e50-29d1-4046-a5a6-3ec2f68a55b6,30,City Bus
GJ05BX2776,No,18,1003,C075,fdde3e50-29d1-4046-a5a6-3ec2f68a55b6,30,City Bus
GJ05BX2796,No,18,1003,C076,fdde3e50-29d1-4046-a5a6-3ec2f68a55b6,30,City Bus
GJ05BX2798,No,18,1003,C077,fdde3e50-29d1-4046-a5a6-3ec2f68a55b6,30,City Bus
GJ05BX2859,No,18,1003,C078,fdde3e50-29d1-4046-a5a6-3ec2f68a55b6,30,City Bus
GJ05BX2878,No,18,1003,C079,fdde3e50-29d1-4046-a5a6-3ec2f68a55b6,30,City Bus
GJ05BX2882,No,18,1003,C080,fdde3e50-29d1-4046-a5a6-3ec2f68a55b6,30,City Bus
GJ05BX2889,No,18,1003,C081,fdde3e50-29d1-4046-a5a6-3ec2f68a55b6,30,City Bus
GJ05BX2894,No,18,1003,C082,fdde3e50-29d1-4046-a5a6-3ec2f68a55b6,30,City Bus
GJ05BX2908,No,18,1003,C083,fdde3e50-29d1-4046-a5a6-3ec2f68a55b6,30,City Bus
GJ05BX2909,No,18,1003,C084,fdde3e50-29d1-4046-a5a6-3ec2f68a55b6,30,City Bus
GJ05BX3024,No,18,1003,C085,fdde3e50-29d1-4046-a5a6-3ec2f68a55b6,30,City Bus
GJ05BX3027,No,18,1003,C086,fdde3e50-29d1-4046-a5a6-3ec2f68a55b6,30,City Bus
GJ05BX3030,No,18,1003,C087,fdde3e50-29d1-4046-a5a6-3ec2f68a55b6,30,City Bus
GJ05BX3150,No,18,1003,C088,fdde3e50-29d1-4046-a5a6-3ec2f68a55b6,30,City Bus
GJ05BX3159,No,18,1003,C090,fdde3e50-29d1-4046-a5a6-3ec2f68a55b6,30,City Bus
GJ05BX3172,No,18,1003,C091,fdde3e50-29d1-4046-a5a6-3ec2f68a55b6,30,City Bus
GJ05BX3193,No,18,1003,C092,fdde3e50-29d1-4046-a5a6-3ec2f68a55b6,30,City Bus
GJ05BX3214,No,18,1003,C093,fdde3e50-29d1-4046-a5a6-3ec2f68a55b6,30,City Bus
GJ05BX3307,No,18,1003,C094,fdde3e50-29d1-4046-a5a6-3ec2f68a55b6,30,City Bus
GJ05BX3391,No,18,1003,C095,fdde3e50-29d1-4046-a5a6-3ec2f68a55b6,30,City Bus
GJ05BX3408,No,18,1003,C096,fdde3e50-29d1-4046-a5a6-3ec2f68a55b6,30,City Bus
GJ05BX3424,No,18,1003,C097,fdde3e50-29d1-4046-a5a6-3ec2f68a55b6,30,City Bus
GJ05BX3443,No,18,1003,C098,fdde3e50-29d1-4046-a5a6-3ec2f68a55b6,30,City Bus
GJ05BX3467,No,18,1003,C099,fdde3e50-29d1-4046-a5a6-3ec2f68a55b6,30,City Bus
GJ05bz0313,No,18,1003,C100,fdde3e50-29d1-4046-a5a6-3ec2f68a55b6,30,City Bus
GJ05BX2135,No,18,1003,C101,fdde3e50-29d1-4046-a5a6-3ec2f68a55b6,30,City Bus
GJ05BX2508,No,18,2,C103,fdde3e50-29d1-4046-a5a6-3ec2f68a55b6,30,City Bus
GJ05BX2533,No,18,1003,C104,fdde3e50-29d1-4046-a5a6-3ec2f68a55b6,30,City Bus
GJ05BX2540,No,18,1003,C105,fdde3e50-29d1-4046-a5a6-3ec2f68a55b6,30,City Bus
GJ05BX2550,No,18,1003,C106,fdde3e50-29d1-4046-a5a6-3ec2f68a55b6,30,City Bus
GJ05BX2584,No,18,1003,C107,fdde3e50-29d1-4046-a5a6-3ec2f68a55b6,30,City Bus
GJ05BX2591,No,18,1003,C108,fdde3e50-29d1-4046-a5a6-3ec2f68a55b6,30,City Bus
GJ05BX2609,No,18,1003,C110,fdde3e50-29d1-4046-a5a6-3ec2f68a55b6,30,City Bus
GJ05BX2620,No,18,2,C111,fdde3e50-29d1-4046-a5a6-3ec2f68a55b6,30,City Bus
GJ05BX2630,No,18,1003,C112,fdde3e50-29d1-4046-a5a6-3ec2f68a55b6,30,City Bus
GJ05BX2636,No,18,2,C113,fdde3e50-29d1-4046-a5a6-3ec2f68a55b6,30,City Bus
GJ05BX2640,No,18,1003,C114,fdde3e50-29d1-4046-a5a6-3ec2f68a55b6,30,City Bus
GJ05BX2642,No,18,1003,C115,fdde3e50-29d1-4046-a5a6-3ec2f68a55b6,30,City Bus
GJ05BX2651,No,18,2,C116,fdde3e50-29d1-4046-a5a6-3ec2f68a55b6,30,City Bus
GJ05BX2669,No,18,1003,C117,fdde3e50-29d1-4046-a5a6-3ec2f68a55b6,30,City Bus
GJ05BX2695,No,18,2,C118,fdde3e50-29d1-4046-a5a6-3ec2f68a55b6,30,City Bus
GJ05BX2710,No,18,1003,C119,fdde3e50-29d1-4046-a5a6-3ec2f68a55b6,30,City Bus
GJ05BX2719,No,18,2,C120,fdde3e50-29d1-4046-a5a6-3ec2f68a55b6,30,City Bus
GJ05BX2722,No,18,2,C121,fdde3e50-29d1-4046-a5a6-3ec2f68a55b6,30,City Bus
GJ05BX2755,No,18,2,C122,fdde3e50-29d1-4046-a5a6-3ec2f68a55b6,30,City Bus
GJ05BX2771,No,18,2,C123,fdde3e50-29d1-4046-a5a6-3ec2f68a55b6,30,City Bus
GJ05BX2783,No,18,2,C124,fdde3e50-29d1-4046-a5a6-3ec2f68a55b6,30,City Bus
GJ05BX2787,No,18,2,C125,fdde3e50-29d1-4046-a5a6-3ec2f68a55b6,30,City Bus
GJ05BX2790,No,18,2,C126,fdde3e50-29d1-4046-a5a6-3ec2f68a55b6,30,City Bus
GJ05BX2799,No,18,2,C127,fdde3e50-29d1-4046-a5a6-3ec2f68a55b6,30,City Bus
GJ05BX2824,No,18,2,C130,fdde3e50-29d1-4046-a5a6-3ec2f68a55b6,30,City Bus
GJ05BX2827,No,18,2,C131,fdde3e50-29d1-4046-a5a6-3ec2f68a55b6,30,City Bus
GJ05BX2829,No,18,2,C132,fdde3e50-29d1-4046-a5a6-3ec2f68a55b6,30,City Bus
GJ05BX2858,No,18,2,C133,fdde3e50-29d1-4046-a5a6-3ec2f68a55b6,30,City Bus
GJ05BX2866,No,18,2,C134,fdde3e50-29d1-4046-a5a6-3ec2f68a55b6,30,City Bus
GJ05BX2872,No,18,2,C136,fdde3e50-29d1-4046-a5a6-3ec2f68a55b6,30,City Bus
GJ05BX2883,No,18,2,C137,fdde3e50-29d1-4046-a5a6-3ec2f68a55b6,30,City Bus
GJ05BX2890,No,18,2,C138,fdde3e50-29d1-4046-a5a6-3ec2f68a55b6,30,City Bus
GJ05BX2911,No,18,2,C139,fdde3e50-29d1-4046-a5a6-3ec2f68a55b6,30,City Bus
GJ05BX2954,No,18,2,C140,fdde3e50-29d1-4046-a5a6-3ec2f68a55b6,30,City Bus
GJ05BX3009,No,18,2,C142,fdde3e50-29d1-4046-a5a6-3ec2f68a55b6,30,City Bus
GJ05BX2966,No,18,2,C141,fdde3e50-29d1-4046-a5a6-3ec2f68a55b6,30,City Bus
GJ05BX3011,No,18,2,C143,fdde3e50-29d1-4046-a5a6-3ec2f68a55b6,30,City Bus
GJ05BX3017,No,18,2,C144,fdde3e50-29d1-4046-a5a6-3ec2f68a55b6,30,City Bus
GJ05BX3025,No,18,2,C145,fdde3e50-29d1-4046-a5a6-3ec2f68a55b6,30,City Bus
GJ05BX3032,No,18,2,C146,fdde3e50-29d1-4046-a5a6-3ec2f68a55b6,30,City Bus
GJ05BX3034,No,18,2,C147,fdde3e50-29d1-4046-a5a6-3ec2f68a55b6,30,City Bus
GJ05BX3058,No,18,2,C148,fdde3e50-29d1-4046-a5a6-3ec2f68a55b6,30,City Bus
GJ05BX3064,No,18,2,C149,fdde3e50-29d1-4046-a5a6-3ec2f68a55b6,30,City Bus
GJ05BX3065,No,18,2,C150,fdde3e50-29d1-4046-a5a6-3ec2f68a55b6,30,City Bus
GJ05BX3121,No,18,2,C151,fdde3e50-29d1-4046-a5a6-3ec2f68a55b6,30,City Bus
GJ05BX3128,No,18,2,C152,fdde3e50-29d1-4046-a5a6-3ec2f68a55b6,30,City Bus
GJ05BX3145,No,18,2,C154,fdde3e50-29d1-4046-a5a6-3ec2f68a55b6,30,City Bus
GJ05BX3148,No,18,2,C155,fdde3e50-29d1-4046-a5a6-3ec2f68a55b6,30,City Bus
GJ05BX3155,No,18,2,C156,fdde3e50-29d1-4046-a5a6-3ec2f68a55b6,30,City Bus
GJ05BX3157,No,18,2,C157,fdde3e50-29d1-4046-a5a6-3ec2f68a55b6,30,City Bus
GJ05BX3183,No,18,2,C158,fdde3e50-29d1-4046-a5a6-3ec2f68a55b6,30,City Bus
GJ05BX3188,No,18,2,C159,fdde3e50-29d1-4046-a5a6-3ec2f68a55b6,30,City Bus
GJ05BX3200,No,18,2,C161,fdde3e50-29d1-4046-a5a6-3ec2f68a55b6,30,City Bus
GJ05BX3238,No,18,2,C163,fdde3e50-29d1-4046-a5a6-3ec2f68a55b6,30,City Bus
GJ05BX3208,No,18,2,C162,fdde3e50-29d1-4046-a5a6-3ec2f68a55b6,30,City Bus
GJ05BX3262,No,18,2,C164,fdde3e50-29d1-4046-a5a6-3ec2f68a55b6,30,City Bus
GJ05BX3266,No,18,2,C165,fdde3e50-29d1-4046-a5a6-3ec2f68a55b6,30,City Bus
GJ05BX3267,No,18,2,C166,fdde3e50-29d1-4046-a5a6-3ec2f68a55b6,30,City Bus
GJ05BX3268,No,18,2,C167,fdde3e50-29d1-4046-a5a6-3ec2f68a55b6,30,City Bus
GJ05BX3279,No,18,2,C168,fdde3e50-29d1-4046-a5a6-3ec2f68a55b6,30,City Bus
GJ05BX3292,No,18,2,C169,fdde3e50-29d1-4046-a5a6-3ec2f68a55b6,30,City Bus
GJ05BX3293,No,18,2,C170,fdde3e50-29d1-4046-a5a6-3ec2f68a55b6,30,City Bus
GJ05BX3305,No,18,2,C171,fdde3e50-29d1-4046-a5a6-3ec2f68a55b6,30,City Bus
GJ05BX3321,No,18,2,C172,fdde3e50-29d1-4046-a5a6-3ec2f68a55b6,30,City Bus
GJ05BX3338,No,18,2,C173,fdde3e50-29d1-4046-a5a6-3ec2f68a55b6,30,City Bus
GJ05BX3357,No,18,2,C175,fdde3e50-29d1-4046-a5a6-3ec2f68a55b6,30,City Bus
GJ05BX3358,No,18,2,C176,fdde3e50-29d1-4046-a5a6-3ec2f68a55b6,30,City Bus
GJ05BX3362,No,18,2,C177,fdde3e50-29d1-4046-a5a6-3ec2f68a55b6,30,City Bus
GJ05BX3382,No,18,1003,C178,fdde3e50-29d1-4046-a5a6-3ec2f68a55b6,30,City Bus
GJ05BX3383,No,18,2,C179,fdde3e50-29d1-4046-a5a6-3ec2f68a55b6,30,City Bus
GJ05BX3389,No,18,1003,C180,fdde3e50-29d1-4046-a5a6-3ec2f68a55b6,30,City Bus
GJ05BX3398,No,18,2,C182,fdde3e50-29d1-4046-a5a6-3ec2f68a55b6,30,City Bus
GJ05BX3409,No,18,2,C183,fdde3e50-29d1-4046-a5a6-3ec2f68a55b6,30,City Bus
GJ05BX3411,No,18,1003,C184,fdde3e50-29d1-4046-a5a6-3ec2f68a55b6,30,City Bus
GJ05BX3415,No,18,2,C185,fdde3e50-29d1-4046-a5a6-3ec2f68a55b6,30,City Bus
GJ05BX3434,No,18,2,C186,fdde3e50-29d1-4046-a5a6-3ec2f68a55b6,30,City Bus
GJ05BX3437,No,18,2,C187,fdde3e50-29d1-4046-a5a6-3ec2f68a55b6,30,City Bus
GJ05BX3439,No,18,2,C188,fdde3e50-29d1-4046-a5a6-3ec2f68a55b6,30,City Bus
GJ05BX3421,No,18,1003,C189,fdde3e50-29d1-4046-a5a6-3ec2f68a55b6,30,City Bus
GJ05BX3458,No,18,1003,C190,fdde3e50-29d1-4046-a5a6-3ec2f68a55b6,30,City Bus
GJ05BX3474,No,18,1003,C191,fdde3e50-29d1-4046-a5a6-3ec2f68a55b6,30,City Bus
GJ05BX3477,No,18,2,C192,fdde3e50-29d1-4046-a5a6-3ec2f68a55b6,30,City Bus
GJ05BX3485,No,18,2,C194,fdde3e50-29d1-4046-a5a6-3ec2f68a55b6,30,City Bus
GJ05BX3492,No,18,2,C195,fdde3e50-29d1-4046-a5a6-3ec2f68a55b6,30,City Bus
GJ05BX3481,No,18,2,C193,fdde3e50-29d1-4046-a5a6-3ec2f68a55b6,30,City Bus
GJ05BX3495,No,18,2,C196,fdde3e50-29d1-4046-a5a6-3ec2f68a55b6,30,City Bus
GJ05BX3499,No,18,2,C197,fdde3e50-29d1-4046-a5a6-3ec2f68a55b6,30,City Bus
GJ05BX3178,No,18,2,C198,fdde3e50-29d1-4046-a5a6-3ec2f68a55b6,30,City Bus
GJ05BX3272,No,18,2,C199,fdde3e50-29d1-4046-a5a6-3ec2f68a55b6,30,City Bus
GJ05BX7306,No,18,2,C200,fdde3e50-29d1-4046-a5a6-3ec2f68a55b6,30,City Bus
GJ05BX6438,Yes,18,4027,H01,fdde3e50-29d1-4046-a5a6-3ec2f68a55b6,30,BRT Bus Mini Bus
GJ05BX8308,Yes,18,4027,H02,fdde3e50-29d1-4046-a5a6-3ec2f68a55b6,30,BRT Bus Mini Bus
GJ05BX8494,Yes,18,4027,H04,fdde3e50-29d1-4046-a5a6-3ec2f68a55b6,30,BRT Bus Mini Bus
GJ05BX8017,Yes,18,4027,H05,fdde3e50-29d1-4046-a5a6-3ec2f68a55b6,30,BRT Bus Mini Bus
GJ05BX8331,Yes,18,4027,H06,fdde3e50-29d1-4046-a5a6-3ec2f68a55b6,30,BRT Bus Mini Bus
GJ05BX8278,Yes,18,4027,H07,fdde3e50-29d1-4046-a5a6-3ec2f68a55b6,30,BRT Bus Mini Bus
GJ05BX8056,Yes,18,4027,H08,fdde3e50-29d1-4046-a5a6-3ec2f68a55b6,30,BRT Bus Mini Bus
GJ05BX8273,Yes,18,4027,H09,fdde3e50-29d1-4046-a5a6-3ec2f68a55b6,30,BRT Bus Mini Bus
GJ05BX8254,Yes,18,4027,H10,fdde3e50-29d1-4046-a5a6-3ec2f68a55b6,30,BRT Bus Mini Bus
GJ05BZ0051,No,18,4027,H101,fdde3e50-29d1-4046-a5a6-3ec2f68a55b6,30,City Bus
GJ05BZ0611,No,18,4027,H102,fdde3e50-29d1-4046-a5a6-3ec2f68a55b6,30,City Bus
GJ05BZ0367,No,18,4027,H103,fdde3e50-29d1-4046-a5a6-3ec2f68a55b6,30,City Bus
GJ05BZ0643,No,18,4027,H104,fdde3e50-29d1-4046-a5a6-3ec2f68a55b6,30,City Bus
GJ05BZ0226,No,18,4027,H105,fdde3e50-29d1-4046-a5a6-3ec2f68a55b6,30,City Bus
GJ05BZ0809,No,18,4027,H106,fdde3e50-29d1-4046-a5a6-3ec2f68a55b6,30,City Bus
GJ05BZ0059,No,18,4027,H107,fdde3e50-29d1-4046-a5a6-3ec2f68a55b6,30,City Bus
GJ05BZ0060,No,18,4027,H108,fdde3e50-29d1-4046-a5a6-3ec2f68a55b6,30,City Bus
GJ05BZ0095,No,18,4027,H109,fdde3e50-29d1-4046-a5a6-3ec2f68a55b6,30,City Bus
GJ05BZ0115,No,18,4027,H110,fdde3e50-29d1-4046-a5a6-3ec2f68a55b6,30,City Bus
GJ05BX8365,Yes,18,4027,H11,fdde3e50-29d1-4046-a5a6-3ec2f68a55b6,30,BRT Bus Mini Bus
GJ05BZ0118,No,18,4027,H111,fdde3e50-29d1-4046-a5a6-3ec2f68a55b6,30,City Bus
GJ05BZ0120,No,18,4027,H112,fdde3e50-29d1-4046-a5a6-3ec2f68a55b6,30,City Bus
GJ05BZ0126,No,18,4027,H113,fdde3e50-29d1-4046-a5a6-3ec2f68a55b6,30,City Bus
GJ05BZ0169,No,18,4027,H114,fdde3e50-29d1-4046-a5a6-3ec2f68a55b6,30,City Bus
GJ05BZ0179,No,18,4027,H115,fdde3e50-29d1-4046-a5a6-3ec2f68a55b6,30,City Bus
GJ05BZ0245,No,18,4027,H116,fdde3e50-29d1-4046-a5a6-3ec2f68a55b6,30,City Bus
GJ05BZ0298,No,18,4027,H117,fdde3e50-29d1-4046-a5a6-3ec2f68a55b6,30,City Bus
GJ05BZ0315,No,18,4027,H118,fdde3e50-29d1-4046-a5a6-3ec2f68a55b6,30,City Bus
GJ05BZ0324,No,18,4027,H119,fdde3e50-29d1-4046-a5a6-3ec2f68a55b6,30,City Bus
GJ05BX8978,Yes,18,4027,H12,fdde3e50-29d1-4046-a5a6-3ec2f68a55b6,30,BRT Bus Mini Bus
GJ05BZ0338,No,18,4027,H120,fdde3e50-29d1-4046-a5a6-3ec2f68a55b6,30,City Bus
GJ05BZ0342,No,18,4027,H121,fdde3e50-29d1-4046-a5a6-3ec2f68a55b6,30,City Bus
GJ05BZ0349,No,18,4027,H122,fdde3e50-29d1-4046-a5a6-3ec2f68a55b6,30,City Bus
GJ05BZ0363,No,18,4027,H123,fdde3e50-29d1-4046-a5a6-3ec2f68a55b6,30,City Bus
GJ05BZ0366,No,18,4027,H124,fdde3e50-29d1-4046-a5a6-3ec2f68a55b6,30,City Bus
GJ05BZ0382,No,18,4027,H125,fdde3e50-29d1-4046-a5a6-3ec2f68a55b6,30,City Bus
GJ05BZ0388,No,18,4027,H126,fdde3e50-29d1-4046-a5a6-3ec2f68a55b6,30,City Bus
GJ05BZ0392,No,18,4027,H127,fdde3e50-29d1-4046-a5a6-3ec2f68a55b6,30,City Bus
GJ05BZ0403,No,18,4027,H128,fdde3e50-29d1-4046-a5a6-3ec2f68a55b6,30,City Bus
GJ05BZ0439,No,18,4027,H129,fdde3e50-29d1-4046-a5a6-3ec2f68a55b6,30,City Bus
GJ05BX8727,Yes,18,4027,H13,fdde3e50-29d1-4046-a5a6-3ec2f68a55b6,30,BRT Bus Mini Bus
GJ05BZ0504,No,18,4027,H130,fdde3e50-29d1-4046-a5a6-3ec2f68a55b6,30,City Bus
GJ05BZ0544,No,18,4027,H131,fdde3e50-29d1-4046-a5a6-3ec2f68a55b6,30,City Bus
GJ05BZ0562,No,18,4027,H132,fdde3e50-29d1-4046-a5a6-3ec2f68a55b6,30,City Bus
GJ05BZ0573,No,18,4027,H133,fdde3e50-29d1-4046-a5a6-3ec2f68a55b6,30,City Bus
GJ05BZ0578,No,18,4027,H134,fdde3e50-29d1-4046-a5a6-3ec2f68a55b6,30,City Bus
GJ05BZ0581,No,18,4027,H135,fdde3e50-29d1-4046-a5a6-3ec2f68a55b6,30,City Bus
GJ05BZ0613,No,18,4027,H136,fdde3e50-29d1-4046-a5a6-3ec2f68a55b6,30,City Bus
GJ05BZ0629,No,18,4027,H137,fdde3e50-29d1-4046-a5a6-3ec2f68a55b6,30,City Bus
GJ05BZ0654,No,18,4027,H138,fdde3e50-29d1-4046-a5a6-3ec2f68a55b6,30,City Bus
GJ05BZ0664,No,18,4027,H139,fdde3e50-29d1-4046-a5a6-3ec2f68a55b6,30,City Bus
GJ05BX8617,Yes,18,4027,H14,fdde3e50-29d1-4046-a5a6-3ec2f68a55b6,30,BRT Bus Mini Bus
GJ05BZ0695,No,18,4027,H140,fdde3e50-29d1-4046-a5a6-3ec2f68a55b6,30,City Bus
GJ05BZ0713,No,18,4027,H141,fdde3e50-29d1-4046-a5a6-3ec2f68a55b6,30,City Bus
GJ05BZ0720,No,18,4027,H142,fdde3e50-29d1-4046-a5a6-3ec2f68a55b6,30,City Bus
GJ05BZ0725,No,18,4027,H143,fdde3e50-29d1-4046-a5a6-3ec2f68a55b6,30,City Bus
GJ05BZ0728,No,18,4027,H144,fdde3e50-29d1-4046-a5a6-3ec2f68a55b6,30,City Bus
GJ05BZ0732,No,18,4027,H145,fdde3e50-29d1-4046-a5a6-3ec2f68a55b6,30,City Bus
GJ05BZ0751,No,18,4027,H146,fdde3e50-29d1-4046-a5a6-3ec2f68a55b6,30,City Bus
GJ05BZ0763,No,18,4027,H147,fdde3e50-29d1-4046-a5a6-3ec2f68a55b6,30,City Bus
GJ05BZ0778,No,18,4027,H148,fdde3e50-29d1-4046-a5a6-3ec2f68a55b6,30,City Bus
GJ05BX8837,Yes,18,4027,H15,fdde3e50-29d1-4046-a5a6-3ec2f68a55b6,30,BRT Bus Mini Bus
GJ05BZ0801,No,18,4027,H150,fdde3e50-29d1-4046-a5a6-3ec2f68a55b6,30,City Bus
GJ05BZ0864,No,18,4027,H153,fdde3e50-29d1-4046-a5a6-3ec2f68a55b6,30,City Bus
GJ05BZ0790,No,18,4027,H149,fdde3e50-29d1-4046-a5a6-3ec2f68a55b6,30,City Bus
GJ05BZ0821,No,18,4027,H151,fdde3e50-29d1-4046-a5a6-3ec2f68a55b6,30,City Bus
GJ05BZ0845,No,18,4027,H152,fdde3e50-29d1-4046-a5a6-3ec2f68a55b6,30,City Bus
GJ05BZ0867,No,18,4027,H154,fdde3e50-29d1-4046-a5a6-3ec2f68a55b6,30,City Bus
GJ05BZ0870,No,18,4027,H155,fdde3e50-29d1-4046-a5a6-3ec2f68a55b6,30,City Bus
GJ05BZ0876,No,18,4027,H156,fdde3e50-29d1-4046-a5a6-3ec2f68a55b6,30,City Bus
GJ05BZ0880,No,18,4027,H157,fdde3e50-29d1-4046-a5a6-3ec2f68a55b6,30,City Bus
GJ05BZ0883,No,18,4027,H158,fdde3e50-29d1-4046-a5a6-3ec2f68a55b6,30,City Bus
GJ05BZ0884,No,18,4027,H159,fdde3e50-29d1-4046-a5a6-3ec2f68a55b6,30,City Bus
GJ05BX8797,Yes,18,4027,H16,fdde3e50-29d1-4046-a5a6-3ec2f68a55b6,30,BRT Bus Mini Bus
GJ05BZ0919,No,18,4027,H160,fdde3e50-29d1-4046-a5a6-3ec2f68a55b6,30,City Bus
GJ05BZ0920,No,18,4027,H161,fdde3e50-29d1-4046-a5a6-3ec2f68a55b6,30,City Bus
GJ05BZ0932,No,18,4027,H162,fdde3e50-29d1-4046-a5a6-3ec2f68a55b6,30,City Bus
GJ05BZ0937,No,18,4027,H163,fdde3e50-29d1-4046-a5a6-3ec2f68a55b6,30,City Bus
GJ05BZ0950,No,18,4027,H164,fdde3e50-29d1-4046-a5a6-3ec2f68a55b6,30,City Bus
GJ05BZ0974,No,18,4027,H165,fdde3e50-29d1-4046-a5a6-3ec2f68a55b6,30,City Bus
GJ05BZ0998,No,18,4027,H166,fdde3e50-29d1-4046-a5a6-3ec2f68a55b6,30,City Bus
GJ05BZ0528,No,18,4027,H167,fdde3e50-29d1-4046-a5a6-3ec2f68a55b6,30,City Bus
GJ05BZ0546,No,18,4027,H168,fdde3e50-29d1-4046-a5a6-3ec2f68a55b6,30,City Bus
GJ05BZ0551,No,18,4027,H169,fdde3e50-29d1-4046-a5a6-3ec2f68a55b6,30,City Bus
GJ05BX8688,Yes,18,4027,H17,fdde3e50-29d1-4046-a5a6-3ec2f68a55b6,30,BRT Bus Mini Bus
GJ05BZ0552,No,18,4027,H170,fdde3e50-29d1-4046-a5a6-3ec2f68a55b6,30,City Bus
GJ05BZ0557,No,18,4027,H171,fdde3e50-29d1-4046-a5a6-3ec2f68a55b6,30,City Bus
GJ05BZ0577,No,18,4027,H172,fdde3e50-29d1-4046-a5a6-3ec2f68a55b6,30,City Bus
GJ05BZ0584,No,18,4027,H173,fdde3e50-29d1-4046-a5a6-3ec2f68a55b6,30,City Bus
GJ05BZ0591,No,18,4027,H174,fdde3e50-29d1-4046-a5a6-3ec2f68a55b6,30,City Bus
GJ05BZ0625,No,18,4027,H175,fdde3e50-29d1-4046-a5a6-3ec2f68a55b6,30,City Bus
GJ05BZ0638,No,18,4027,H177,fdde3e50-29d1-4046-a5a6-3ec2f68a55b6,30,City Bus
GJ05BZ0633,No,18,4027,H176,fdde3e50-29d1-4046-a5a6-3ec2f68a55b6,30,City Bus
GJ05BZ0642,No,18,4027,H178,fdde3e50-29d1-4046-a5a6-3ec2f68a55b6,30,City Bus
GJ05BZ0644,No,18,4027,H179,fdde3e50-29d1-4046-a5a6-3ec2f68a55b6,30,City Bus
GJ05BX8878,Yes,18,4027,H18,fdde3e50-29d1-4046-a5a6-3ec2f68a55b6,30,BRT Bus Mini Bus
GJ05BZ0650,No,18,4027,H180,fdde3e50-29d1-4046-a5a6-3ec2f68a55b6,30,City Bus
GJ05BZ0652,No,18,4027,H181,fdde3e50-29d1-4046-a5a6-3ec2f68a55b6,30,City Bus
GJ05BZ0663,No,18,4027,H182,fdde3e50-29d1-4046-a5a6-3ec2f68a55b6,30,City Bus
GJ05BZ0676,No,18,4027,H183,fdde3e50-29d1-4046-a5a6-3ec2f68a55b6,30,City Bus
GJ05BZ0696,No,18,4027,H184,fdde3e50-29d1-4046-a5a6-3ec2f68a55b6,30,City Bus
GJ05BZ0701,No,18,4027,H185,fdde3e50-29d1-4046-a5a6-3ec2f68a55b6,30,City Bus
GJ05BZ0708,No,18,4027,H186,fdde3e50-29d1-4046-a5a6-3ec2f68a55b6,30,City Bus
GJ05BZ0722,No,18,4027,H187,fdde3e50-29d1-4046-a5a6-3ec2f68a55b6,30,City Bus
GJ05BZ0742,No,18,4027,H188,fdde3e50-29d1-4046-a5a6-3ec2f68a55b6,30,City Bus
GJ05BZ0744,No,18,4027,H189,fdde3e50-29d1-4046-a5a6-3ec2f68a55b6,30,City Bus
GJ05BZ0753,No,18,4027,H190,fdde3e50-29d1-4046-a5a6-3ec2f68a55b6,30,City Bus
GJ05BX8526,Yes,18,4027,H19,fdde3e50-29d1-4046-a5a6-3ec2f68a55b6,30,BRT Bus Mini Bus
GJ05BZ0760,No,18,4027,H191,fdde3e50-29d1-4046-a5a6-3ec2f68a55b6,30,City Bus
GJ05BZ0776,No,18,4027,H192,fdde3e50-29d1-4046-a5a6-3ec2f68a55b6,30,City Bus
GJ05BZ0782,No,18,4027,H193,fdde3e50-29d1-4046-a5a6-3ec2f68a55b6,30,City Bus
GJ05BZ0785,No,18,4027,H194,fdde3e50-29d1-4046-a5a6-3ec2f68a55b6,30,City Bus
GJ05BZ0796,No,18,4027,H195,fdde3e50-29d1-4046-a5a6-3ec2f68a55b6,30,City Bus
GJ05BZ0811,No,18,4027,H196,fdde3e50-29d1-4046-a5a6-3ec2f68a55b6,30,City Bus
GJ05BZ0818,No,18,4027,H197,fdde3e50-29d1-4046-a5a6-3ec2f68a55b6,30,City Bus
GJ05BZ0835,No,18,4027,H199,fdde3e50-29d1-4046-a5a6-3ec2f68a55b6,30,City Bus
GJ05BZ0823,No,18,4027,H198,fdde3e50-29d1-4046-a5a6-3ec2f68a55b6,30,City Bus
GJ05BX8940,Yes,18,4027,H20,fdde3e50-29d1-4046-a5a6-3ec2f68a55b6,30,BRT Bus Mini Bus
GJ05BZ0852,No,18,4027,H200,fdde3e50-29d1-4046-a5a6-3ec2f68a55b6,30,City Bus
GJ05BZ0857,No,18,4027,H201,fdde3e50-29d1-4046-a5a6-3ec2f68a55b6,30,City Bus
GJ05BZ0872,No,18,4027,H202,fdde3e50-29d1-4046-a5a6-3ec2f68a55b6,30,City Bus
GJ05BZ0877,No,18,4027,H203,fdde3e50-29d1-4046-a5a6-3ec2f68a55b6,30,City Bus
GJ05BZ0891,No,18,4027,H204,fdde3e50-29d1-4046-a5a6-3ec2f68a55b6,30,City Bus
GJ05BZ0892,No,18,4027,H205,fdde3e50-29d1-4046-a5a6-3ec2f68a55b6,30,City Bus
GJ05BZ0894,No,18,4027,H206,fdde3e50-29d1-4046-a5a6-3ec2f68a55b6,30,City Bus
GJ05BZ0902,No,18,4027,H207,fdde3e50-29d1-4046-a5a6-3ec2f68a55b6,30,City Bus
GJ05BZ0915,No,18,4027,H208,fdde3e50-29d1-4046-a5a6-3ec2f68a55b6,30,City Bus
GJ05BZ0930,No,18,4027,H209,fdde3e50-29d1-4046-a5a6-3ec2f68a55b6,30,City Bus
GJ05BX8550,Yes,18,4027,H21,fdde3e50-29d1-4046-a5a6-3ec2f68a55b6,30,BRT Bus Mini Bus
GJ05BZ0966,No,18,4027,H211,fdde3e50-29d1-4046-a5a6-3ec2f68a55b6,30,City Bus
GJ05BZ0949,No,18,4027,H210,fdde3e50-29d1-4046-a5a6-3ec2f68a55b6,30,City Bus
GJ05BZ0995,No,18,4027,H213,fdde3e50-29d1-4046-a5a6-3ec2f68a55b6,30,City Bus
GJ05BZ0969,No,18,4027,H212,fdde3e50-29d1-4046-a5a6-3ec2f68a55b6,30,City Bus
GJ05BZ1074,No,18,4027,H214,fdde3e50-29d1-4046-a5a6-3ec2f68a55b6,30,City Bus
GJ05BZ1263,No,18,4027,H215,fdde3e50-29d1-4046-a5a6-3ec2f68a55b6,30,City Bus
GJ05BZ1266,No,18,4027,H216,fdde3e50-29d1-4046-a5a6-3ec2f68a55b6,30,City Bus
GJ05BZ1361,No,18,4027,H218,fdde3e50-29d1-4046-a5a6-3ec2f68a55b6,30,City Bus
GJ05BZ1297,No,18,4027,H217,fdde3e50-29d1-4046-a5a6-3ec2f68a55b6,30,City Bus
GJ05BZ1458,No,18,4027,H219,fdde3e50-29d1-4046-a5a6-3ec2f68a55b6,30,City Bus
GJ05BX8756,Yes,18,4027,H22,fdde3e50-29d1-4046-a5a6-3ec2f68a55b6,30,BRT Bus Mini Bus
GJ05BZ1532,No,18,4027,H220,fdde3e50-29d1-4046-a5a6-3ec2f68a55b6,30,City Bus
GJ05BZ1534,No,18,4027,H221,fdde3e50-29d1-4046-a5a6-3ec2f68a55b6,30,City Bus
GJ05BZ1539,No,18,4027,H222,fdde3e50-29d1-4046-a5a6-3ec2f68a55b6,30,City Bus
GJ05BZ1558,No,18,4027,H223,fdde3e50-29d1-4046-a5a6-3ec2f68a55b6,30,City Bus
GJ05BZ1700,No,18,4027,H224,fdde3e50-29d1-4046-a5a6-3ec2f68a55b6,30,City Bus
GJ05BZ1577,No,18,4027,H226,fdde3e50-29d1-4046-a5a6-3ec2f68a55b6,30,City Bus
GJ05BZ1713,No,18,4027,H227,fdde3e50-29d1-4046-a5a6-3ec2f68a55b6,30,City Bus
GJ05BZ1737,No,18,4027,H228,fdde3e50-29d1-4046-a5a6-3ec2f68a55b6,30,City Bus
GJ05BZ1788,No,18,4027,H229,fdde3e50-29d1-4046-a5a6-3ec2f68a55b6,30,City Bus
GJ05BX8979,Yes,18,4027,H23,fdde3e50-29d1-4046-a5a6-3ec2f68a55b6,30,BRT Bus Mini Bus
GJ05BZ1904,No,18,4027,H230,fdde3e50-29d1-4046-a5a6-3ec2f68a55b6,30,City Bus
GJ05BZ1915,No,18,4027,H231,fdde3e50-29d1-4046-a5a6-3ec2f68a55b6,30,City Bus
GJ05BZ1966,No,18,4027,H232,fdde3e50-29d1-4046-a5a6-3ec2f68a55b6,30,City Bus
GJ05BZ1971,No,18,4027,H233,fdde3e50-29d1-4046-a5a6-3ec2f68a55b6,30,City Bus
GJ05BZ1549,No,18,4027,H235,fdde3e50-29d1-4046-a5a6-3ec2f68a55b6,30,City Bus
GJ05BZ1610,No,18,4027,H236,fdde3e50-29d1-4046-a5a6-3ec2f68a55b6,30,City Bus
GJ05BZ1535,No,18,4027,H234,fdde3e50-29d1-4046-a5a6-3ec2f68a55b6,30,City Bus
GJ05BZ1615,No,18,4027,H237,fdde3e50-29d1-4046-a5a6-3ec2f68a55b6,30,City Bus
GJ05BZ1685,No,18,4027,H238,fdde3e50-29d1-4046-a5a6-3ec2f68a55b6,30,City Bus
GJ05BZ1763,No,18,4027,H239,fdde3e50-29d1-4046-a5a6-3ec2f68a55b6,30,City Bus
GJ05BX8741,Yes,18,4027,H24,fdde3e50-29d1-4046-a5a6-3ec2f68a55b6,30,BRT Bus Mini Bus
GJ05BZ1779,No,18,4027,H240,fdde3e50-29d1-4046-a5a6-3ec2f68a55b6,30,City Bus
GJ05BZ1785,No,18,4027,H241,fdde3e50-29d1-4046-a5a6-3ec2f68a55b6,30,City Bus
GJ05BZ1846,No,18,4027,H242,fdde3e50-29d1-4046-a5a6-3ec2f68a55b6,30,City Bus
GJ05BZ1889,No,18,4027,H243,fdde3e50-29d1-4046-a5a6-3ec2f68a55b6,30,City Bus
GJ05BZ1910,No,18,4027,H244,fdde3e50-29d1-4046-a5a6-3ec2f68a55b6,30,City Bus
GJ05BZ1973,No,18,4027,H245,fdde3e50-29d1-4046-a5a6-3ec2f68a55b6,30,City Bus
GJ05BZ2010,No,18,4027,H246,fdde3e50-29d1-4046-a5a6-3ec2f68a55b6,30,City Bus
GJ05BZ2011,No,18,4027,H247,fdde3e50-29d1-4046-a5a6-3ec2f68a55b6,30,City Bus
GJ05BZ2063,No,18,4027,H248,fdde3e50-29d1-4046-a5a6-3ec2f68a55b6,30,City Bus
GJ05BZ2071,No,18,4027,H249,fdde3e50-29d1-4046-a5a6-3ec2f68a55b6,30,City Bus
GJ05BX8862,Yes,18,4027,H25,fdde3e50-29d1-4046-a5a6-3ec2f68a55b6,30,BRT Bus Mini Bus
GJ05BZ2090,No,18,4027,H250,fdde3e50-29d1-4046-a5a6-3ec2f68a55b6,30,City Bus
GJ05BZ2108,No,18,4027,H251,fdde3e50-29d1-4046-a5a6-3ec2f68a55b6,30,City Bus
GJ05BZ2116,No,18,4027,H252,fdde3e50-29d1-4046-a5a6-3ec2f68a55b6,30,City Bus
GJ05BZ2177,No,18,4027,H253,fdde3e50-29d1-4046-a5a6-3ec2f68a55b6,30,City Bus
GJ05BZ2199,No,18,4027,H254,fdde3e50-29d1-4046-a5a6-3ec2f68a55b6,30,City Bus
GJ05BZ2224,No,18,4027,H255,fdde3e50-29d1-4046-a5a6-3ec2f68a55b6,30,City Bus
GJ05BZ2239,No,18,4027,H256,fdde3e50-29d1-4046-a5a6-3ec2f68a55b6,30,City Bus
GJ05BZ2298,No,18,4027,H257,fdde3e50-29d1-4046-a5a6-3ec2f68a55b6,30,City Bus
GJ05BZ2354,No,18,4027,H258,fdde3e50-29d1-4046-a5a6-3ec2f68a55b6,30,City Bus
GJ05BZ2402,No,18,4027,H259,fdde3e50-29d1-4046-a5a6-3ec2f68a55b6,30,City Bus
GJ05BZ2511,No,18,4027,H263,fdde3e50-29d1-4046-a5a6-3ec2f68a55b6,30,City Bus
GJ05BX8744,Yes,18,4027,H26,fdde3e50-29d1-4046-a5a6-3ec2f68a55b6,30,BRT Bus Mini Bus
GJ05BZ2479,No,18,4027,H260,fdde3e50-29d1-4046-a5a6-3ec2f68a55b6,30,City Bus
GJ05BZ2504,No,18,4027,H261,fdde3e50-29d1-4046-a5a6-3ec2f68a55b6,30,City Bus
GJ05BZ2510,No,18,4027,H262,fdde3e50-29d1-4046-a5a6-3ec2f68a55b6,30,City Bus
GJ05BZ2542,No,18,4027,H264,fdde3e50-29d1-4046-a5a6-3ec2f68a55b6,30,City Bus
GJ05BZ2550,No,18,4027,H265,fdde3e50-29d1-4046-a5a6-3ec2f68a55b6,30,City Bus
GJ05BZ2563,No,18,4027,H266,fdde3e50-29d1-4046-a5a6-3ec2f68a55b6,30,City Bus
GJ05BZ2564,No,18,4027,H267,fdde3e50-29d1-4046-a5a6-3ec2f68a55b6,30,City Bus
GJ05BZ2569,No,18,4027,H268,fdde3e50-29d1-4046-a5a6-3ec2f68a55b6,30,City Bus
GJ05BZ2572,No,18,4027,H269,fdde3e50-29d1-4046-a5a6-3ec2f68a55b6,30,City Bus
GJ05BX8984,Yes,18,4027,H27,fdde3e50-29d1-4046-a5a6-3ec2f68a55b6,30,BRT Bus Mini Bus
GJ05BZ2575,No,18,4027,H270,fdde3e50-29d1-4046-a5a6-3ec2f68a55b6,30,City Bus
GJ05BZ2577,No,18,4027,H271,fdde3e50-29d1-4046-a5a6-3ec2f68a55b6,30,City Bus
GJ05BZ2578,No,18,4027,H272,fdde3e50-29d1-4046-a5a6-3ec2f68a55b6,30,City Bus
GJ05BZ2584,No,18,4027,H273,fdde3e50-29d1-4046-a5a6-3ec2f68a55b6,30,City Bus
GJ05BZ2600,No,18,4027,H274,fdde3e50-29d1-4046-a5a6-3ec2f68a55b6,30,City Bus
GJ05BZ2608,No,18,4027,H275,fdde3e50-29d1-4046-a5a6-3ec2f68a55b6,30,City Bus
GJ05BZ2627,No,18,4027,H276,fdde3e50-29d1-4046-a5a6-3ec2f68a55b6,30,City Bus
GJ05BZ2634,No,18,4027,H277,fdde3e50-29d1-4046-a5a6-3ec2f68a55b6,30,City Bus
GJ05BZ2651,No,18,4027,H279,fdde3e50-29d1-4046-a5a6-3ec2f68a55b6,30,City Bus
GJ05BZ2652,No,18,4027,H280,fdde3e50-29d1-4046-a5a6-3ec2f68a55b6,30,City Bus
GJ05BZ2677,No,18,4027,H281,fdde3e50-29d1-4046-a5a6-3ec2f68a55b6,30,City Bus
GJ05BZ2640,No,18,4027,H278,fdde3e50-29d1-4046-a5a6-3ec2f68a55b6,30,City Bus
GJ05BX8859,Yes,18,4027,H28,fdde3e50-29d1-4046-a5a6-3ec2f68a55b6,30,BRT Bus Mini Bus
GJ05BZ2686,No,18,4027,H282,fdde3e50-29d1-4046-a5a6-3ec2f68a55b6,30,City Bus
GJ05BZ2690,No,18,4027,H283,fdde3e50-29d1-4046-a5a6-3ec2f68a55b6,30,City Bus
GJ05BZ2692,No,18,4027,H284,fdde3e50-29d1-4046-a5a6-3ec2f68a55b6,30,City Bus
GJ05BZ2702,No,18,4027,H285,fdde3e50-29d1-4046-a5a6-3ec2f68a55b6,30,City Bus
GJ05BZ2712,No,18,4027,H286,fdde3e50-29d1-4046-a5a6-3ec2f68a55b6,30,City Bus
GJ05BZ2713,No,18,4027,H287,fdde3e50-29d1-4046-a5a6-3ec2f68a55b6,30,City Bus
GJ05BZ2719,No,18,4027,H288,fdde3e50-29d1-4046-a5a6-3ec2f68a55b6,30,City Bus
GJ05BZ2739,No,18,4027,H289,fdde3e50-29d1-4046-a5a6-3ec2f68a55b6,30,City Bus
GJ05BX8706,Yes,18,4027,H29,fdde3e50-29d1-4046-a5a6-3ec2f68a55b6,30,BRT Bus Mini Bus
GJ05BZ2744,No,18,4027,H290,fdde3e50-29d1-4046-a5a6-3ec2f68a55b6,30,City Bus
GJ05BZ2753,No,18,4027,H291,fdde3e50-29d1-4046-a5a6-3ec2f68a55b6,30,City Bus
GJ05BZ2759,No,18,4027,H292,fdde3e50-29d1-4046-a5a6-3ec2f68a55b6,30,City Bus
GJ05BZ2760,No,18,4027,H293,fdde3e50-29d1-4046-a5a6-3ec2f68a55b6,30,City Bus
GJ05BZ2767,No,18,4027,H294,fdde3e50-29d1-4046-a5a6-3ec2f68a55b6,30,City Bus
GJ05BZ2771,No,18,4027,H295,fdde3e50-29d1-4046-a5a6-3ec2f68a55b6,30,City Bus
GJ05BZ2776,No,18,4027,H296,fdde3e50-29d1-4046-a5a6-3ec2f68a55b6,30,City Bus
GJ05BZ2779,No,18,4027,H297,fdde3e50-29d1-4046-a5a6-3ec2f68a55b6,30,City Bus
GJ05BZ2789,No,18,4027,H298,fdde3e50-29d1-4046-a5a6-3ec2f68a55b6,30,City Bus
GJ05BX8849,Yes,18,4027,H30,fdde3e50-29d1-4046-a5a6-3ec2f68a55b6,30,BRT Bus Mini Bus
GJ05BZ2812,No,18,4027,H299,fdde3e50-29d1-4046-a5a6-3ec2f68a55b6,30,City Bus
GJ05BZ2838,No,18,4027,H300,fdde3e50-29d1-4046-a5a6-3ec2f68a55b6,30,City Bus
GJ05BZ2852,No,18,4027,H301,fdde3e50-29d1-4046-a5a6-3ec2f68a55b6,30,City Bus
GJ05BZ2871,No,18,4027,H302,fdde3e50-29d1-4046-a5a6-3ec2f68a55b6,30,City Bus
GJ05BZ2900,No,18,4027,H306,fdde3e50-29d1-4046-a5a6-3ec2f68a55b6,30,City Bus
GJ05BZ2909,No,18,4027,H307,fdde3e50-29d1-4046-a5a6-3ec2f68a55b6,30,City Bus
GJ05BZ2946,No,18,4027,H308,fdde3e50-29d1-4046-a5a6-3ec2f68a55b6,30,City Bus
GJ05BZ2949,No,18,4027,H310,fdde3e50-29d1-4046-a5a6-3ec2f68a55b6,30,City Bus
GJ05BZ2963,No,18,4027,H311,fdde3e50-29d1-4046-a5a6-3ec2f68a55b6,30,City Bus
GJ05BZ2876,No,18,4027,H303,fdde3e50-29d1-4046-a5a6-3ec2f68a55b6,30,City Bus
GJ05BZ2879,No,18,4027,H304,fdde3e50-29d1-4046-a5a6-3ec2f68a55b6,30,City Bus
GJ05BZ2888,No,18,4027,H305,fdde3e50-29d1-4046-a5a6-3ec2f68a55b6,30,City Bus
GJ05BZ2947,No,18,4027,H309,fdde3e50-29d1-4046-a5a6-3ec2f68a55b6,30,City Bus
GJ05BX8598,Yes,18,4027,H31,fdde3e50-29d1-4046-a5a6-3ec2f68a55b6,30,BRT Bus Mini Bus
GJ05BZ2976,No,18,4027,H312,fdde3e50-29d1-4046-a5a6-3ec2f68a55b6,30,City Bus
GJ05BZ2983,No,18,4027,H313,fdde3e50-29d1-4046-a5a6-3ec2f68a55b6,30,City Bus
GJ05BZ3698,No,18,4027,H319,fdde3e50-29d1-4046-a5a6-3ec2f68a55b6,30,City Bus
GJ05BZ2985,No,18,4027,H314,fdde3e50-29d1-4046-a5a6-3ec2f68a55b6,30,City Bus
GJ05BZ2998,No,18,4027,H315,fdde3e50-29d1-4046-a5a6-3ec2f68a55b6,30,City Bus
GJ05BZ3511,No,18,4027,H316,fdde3e50-29d1-4046-a5a6-3ec2f68a55b6,30,City Bus
GJ05BZ3563,No,18,4027,H317,fdde3e50-29d1-4046-a5a6-3ec2f68a55b6,30,City Bus
GJ05BZ3675,No,18,4027,H318,fdde3e50-29d1-4046-a5a6-3ec2f68a55b6,30,City Bus
GJ05BX8912,Yes,18,4027,H32,fdde3e50-29d1-4046-a5a6-3ec2f68a55b6,30,BRT Bus Mini Bus
GJ05BZ3750,No,18,4027,H321,fdde3e50-29d1-4046-a5a6-3ec2f68a55b6,30,City Bus
GJ05BZ3892,No,18,4027,H322,fdde3e50-29d1-4046-a5a6-3ec2f68a55b6,30,City Bus
GJ05BZ3900,No,18,4027,H323,fdde3e50-29d1-4046-a5a6-3ec2f68a55b6,30,City Bus
GJ05BZ3736,No,18,4027,H325,fdde3e50-29d1-4046-a5a6-3ec2f68a55b6,30,City Bus
GJ05BZ4185,No,18,4027,H326,fdde3e50-29d1-4046-a5a6-3ec2f68a55b6,30,City Bus
GJ05BZ3703,No,18,4027,H320,fdde3e50-29d1-4046-a5a6-3ec2f68a55b6,30,City Bus
GJ05BZ3917,No,18,4027,H324,fdde3e50-29d1-4046-a5a6-3ec2f68a55b6,30,City Bus
GJ05BZ3659,No,18,4027,H327,fdde3e50-29d1-4046-a5a6-3ec2f68a55b6,30,City Bus
GJ05BZ3623,No,18,4027,H328,fdde3e50-29d1-4046-a5a6-3ec2f68a55b6,30,City Bus
GJ05BZ4447,No,18,4027,H329,fdde3e50-29d1-4046-a5a6-3ec2f68a55b6,30,City Bus
GJ05BX8636,Yes,18,4027,H33,fdde3e50-29d1-4046-a5a6-3ec2f68a55b6,30,BRT Bus Mini Bus
GJ05BZ4371,No,18,4027,H330,fdde3e50-29d1-4046-a5a6-3ec2f68a55b6,30,City Bus
GJ05BZ4401,No,18,4027,H331,fdde3e50-29d1-4046-a5a6-3ec2f68a55b6,30,City Bus
GJ05BZ4152,No,18,4027,H332,fdde3e50-29d1-4046-a5a6-3ec2f68a55b6,30,City Bus
GJ05BZ4017,No,18,4027,H333,fdde3e50-29d1-4046-a5a6-3ec2f68a55b6,30,City Bus
GJ05BZ4201,No,18,4027,H334,fdde3e50-29d1-4046-a5a6-3ec2f68a55b6,30,City Bus
GJ05BZ4151,No,18,4027,H335,fdde3e50-29d1-4046-a5a6-3ec2f68a55b6,30,City Bus
GJ05BZ4098,No,18,4027,H336,fdde3e50-29d1-4046-a5a6-3ec2f68a55b6,30,City Bus
GJ05BZ4186,No,18,4027,H337,fdde3e50-29d1-4046-a5a6-3ec2f68a55b6,30,City Bus
GJ05BZ4369,No,18,4027,H338,fdde3e50-29d1-4046-a5a6-3ec2f68a55b6,30,City Bus
GJ05BZ4001,No,18,4027,H339,fdde3e50-29d1-4046-a5a6-3ec2f68a55b6,30,City Bus
GJ05BX8827,Yes,18,4027,H34,fdde3e50-29d1-4046-a5a6-3ec2f68a55b6,30,BRT Bus Mini Bus
GJ05BZ4153,No,18,4027,H340,fdde3e50-29d1-4046-a5a6-3ec2f68a55b6,30,City Bus
GJ05BZ4456,No,18,4027,H341,fdde3e50-29d1-4046-a5a6-3ec2f68a55b6,30,City Bus
GJ05BZ4289,No,18,4027,H342,fdde3e50-29d1-4046-a5a6-3ec2f68a55b6,30,City Bus
GJ05BZ3828,No,18,4027,H343,fdde3e50-29d1-4046-a5a6-3ec2f68a55b6,30,City Bus
GJ05BZ3679,No,18,4027,H345,fdde3e50-29d1-4046-a5a6-3ec2f68a55b6,30,City Bus
GJ05BZ3927,No,18,4027,H344,fdde3e50-29d1-4046-a5a6-3ec2f68a55b6,30,City Bus
GJ05BZ3929,No,18,4027,H346,fdde3e50-29d1-4046-a5a6-3ec2f68a55b6,30,City Bus
GJ05BZ3823,No,18,4027,H347,fdde3e50-29d1-4046-a5a6-3ec2f68a55b6,30,City Bus
GJ05BZ3733,No,18,4027,H348,fdde3e50-29d1-4046-a5a6-3ec2f68a55b6,30,City Bus
GJ05BZ3321,No,18,4027,H349,fdde3e50-29d1-4046-a5a6-3ec2f68a55b6,30,City Bus
GJ05BX8728,Yes,18,4027,H35,fdde3e50-29d1-4046-a5a6-3ec2f68a55b6,30,BRT Bus Mini Bus
GJ05BZ3837,No,18,4027,H350,fdde3e50-29d1-4046-a5a6-3ec2f68a55b6,30,City Bus
GJ05BZ3596,No,18,4027,H351,fdde3e50-29d1-4046-a5a6-3ec2f68a55b6,30,City Bus
GJ05BZ3598,No,18,4027,H352,fdde3e50-29d1-4046-a5a6-3ec2f68a55b6,30,City Bus
GJ05BZ3607,No,18,4027,H353,fdde3e50-29d1-4046-a5a6-3ec2f68a55b6,30,City Bus
GJ05BZ3970,No,18,4027,H354,fdde3e50-29d1-4046-a5a6-3ec2f68a55b6,30,City Bus
GJ05BZ3567,No,18,4027,H355,fdde3e50-29d1-4046-a5a6-3ec2f68a55b6,30,City Bus
GJ05BZ3643,No,18,4027,H356,fdde3e50-29d1-4046-a5a6-3ec2f68a55b6,30,City Bus
GJ05BZ3630,No,18,4027,H357,fdde3e50-29d1-4046-a5a6-3ec2f68a55b6,30,City Bus
GJ05BZ3555,No,18,4027,H358,fdde3e50-29d1-4046-a5a6-3ec2f68a55b6,30,City Bus
GJ05BZ3615,No,18,4027,H359,fdde3e50-29d1-4046-a5a6-3ec2f68a55b6,30,City Bus
GJ05BX8758,Yes,18,4027,H36,fdde3e50-29d1-4046-a5a6-3ec2f68a55b6,30,BRT Bus Mini Bus
GJ05BZ3502,No,18,4027,H361,fdde3e50-29d1-4046-a5a6-3ec2f68a55b6,30,City Bus
GJ05BZ3794,No,18,4027,H360,fdde3e50-29d1-4046-a5a6-3ec2f68a55b6,30,City Bus
GJ05BZ3962,No,18,4027,H362,fdde3e50-29d1-4046-a5a6-3ec2f68a55b6,30,City Bus
GJ05BZ3827,No,18,4027,H364,fdde3e50-29d1-4046-a5a6-3ec2f68a55b6,30,City Bus
GJ05BZ3873,No,18,4027,H363,fdde3e50-29d1-4046-a5a6-3ec2f68a55b6,30,City Bus
GJ05BZ3754,No,18,4027,H365,fdde3e50-29d1-4046-a5a6-3ec2f68a55b6,30,City Bus
GJ05BZ3753,No,18,4027,H366,fdde3e50-29d1-4046-a5a6-3ec2f68a55b6,30,City Bus
GJ05BZ3989,No,18,4027,H368,fdde3e50-29d1-4046-a5a6-3ec2f68a55b6,30,City Bus
GJ05BZ3909,No,18,4027,H369,fdde3e50-29d1-4046-a5a6-3ec2f68a55b6,30,City Bus
GJ05BZ3662,No,18,4027,H370,fdde3e50-29d1-4046-a5a6-3ec2f68a55b6,30,City Bus
GJ05BZ3863,No,18,4027,H372,fdde3e50-29d1-4046-a5a6-3ec2f68a55b6,30,City Bus
GJ05BZ3783,No,18,4027,H367,fdde3e50-29d1-4046-a5a6-3ec2f68a55b6,30,City Bus
GJ05BX8962,Yes,18,4027,H37,fdde3e50-29d1-4046-a5a6-3ec2f68a55b6,30,BRT Bus Mini Bus
GJ05BZ3538,No,18,4027,H371,fdde3e50-29d1-4046-a5a6-3ec2f68a55b6,30,City Bus
GJ05BZ4139,No,18,4027,H373,fdde3e50-29d1-4046-a5a6-3ec2f68a55b6,30,City Bus
GJ05BZ3591,No,18,4027,H374,fdde3e50-29d1-4046-a5a6-3ec2f68a55b6,30,City Bus
GJ05BZ4564,No,18,4027,H375,fdde3e50-29d1-4046-a5a6-3ec2f68a55b6,30,City Bus
GJ05BZ4730,No,18,4027,H376,fdde3e50-29d1-4046-a5a6-3ec2f68a55b6,30,City Bus
GJ05BZ4806,No,18,4027,H377,fdde3e50-29d1-4046-a5a6-3ec2f68a55b6,30,City Bus
GJ05BZ5309,No,18,4027,H383,fdde3e50-29d1-4046-a5a6-3ec2f68a55b6,30,City Bus
GJ05BZ5021,No,18,4027,H384,fdde3e50-29d1-4046-a5a6-3ec2f68a55b6,30,City Bus
GJ-05-BZ-4392,No,18,4027,H386,fdde3e50-29d1-4046-a5a6-3ec2f68a55b6,30,City Bus
GJ05BZ4860,No,18,4027,H378,fdde3e50-29d1-4046-a5a6-3ec2f68a55b6,30,City Bus
GJ05BZ4954,No,18,4027,H379,fdde3e50-29d1-4046-a5a6-3ec2f68a55b6,30,City Bus
GJ05BX8868,Yes,18,4027,H38,fdde3e50-29d1-4046-a5a6-3ec2f68a55b6,30,BRT Bus Mini Bus
GJ05BZ4961,No,18,4027,H380,fdde3e50-29d1-4046-a5a6-3ec2f68a55b6,30,City Bus
GJ05BZ4981,No,18,4027,H381,fdde3e50-29d1-4046-a5a6-3ec2f68a55b6,30,City Bus
GJ05BZ5061,No,18,4027,H382,fdde3e50-29d1-4046-a5a6-3ec2f68a55b6,30,City Bus
GJ05BZ5381,No,18,4027,H385,fdde3e50-29d1-4046-a5a6-3ec2f68a55b6,30,City Bus
GJ05BZ4286,No,18,4027,H387,fdde3e50-29d1-4046-a5a6-3ec2f68a55b6,30,City Bus
GJ05BZ5546,No,18,4027,H388,fdde3e50-29d1-4046-a5a6-3ec2f68a55b6,30,City Bus
GJ05BX8812,Yes,18,4027,H39,fdde3e50-29d1-4046-a5a6-3ec2f68a55b6,30,BRT Bus Mini Bus
GJ05BZ5519,No,18,4027,H390,fdde3e50-29d1-4046-a5a6-3ec2f68a55b6,30,City Bus
GJ05BZ5598,No,18,4027,H391,fdde3e50-29d1-4046-a5a6-3ec2f68a55b6,30,City Bus
GJ05BZ5817,No,18,4027,H389,fdde3e50-29d1-4046-a5a6-3ec2f68a55b6,30,City Bus
GJ05BZ5983,No,18,4027,H392,fdde3e50-29d1-4046-a5a6-3ec2f68a55b6,30,City Bus
GJ05BZ5695,No,18,4027,H393,fdde3e50-29d1-4046-a5a6-3ec2f68a55b6,30,City Bus
GJ05BZ5643,No,18,4027,H394,fdde3e50-29d1-4046-a5a6-3ec2f68a55b6,30,City Bus
GJ05BZ5626,No,18,4027,H395,fdde3e50-29d1-4046-a5a6-3ec2f68a55b6,30,City Bus
GJ05BZ5798,No,18,4027,H397,fdde3e50-29d1-4046-a5a6-3ec2f68a55b6,30,City Bus
GJ05BZ5992,No,18,4027,H398,fdde3e50-29d1-4046-a5a6-3ec2f68a55b6,30,City Bus
GJ05BZ5607,No,18,4027,H396,fdde3e50-29d1-4046-a5a6-3ec2f68a55b6,30,City Bus
GJ05BZ5946,No,18,4027,H399,fdde3e50-29d1-4046-a5a6-3ec2f68a55b6,30,City Bus
GJ05BX8726,Yes,18,4027,H40,fdde3e50-29d1-4046-a5a6-3ec2f68a55b6,30,BRT Bus Mini Bus
GJ05BZ0000,No,18,4027,H400,fdde3e50-29d1-4046-a5a6-3ec2f68a55b6,30,City Bus
GJ05BX8643,Yes,18,4027,H41,fdde3e50-29d1-4046-a5a6-3ec2f68a55b6,30,BRT Bus Mini Bus
GJ05BX8882,Yes,18,4027,H42,fdde3e50-29d1-4046-a5a6-3ec2f68a55b6,30,BRT Bus Mini Bus
GJ05BX8595,Yes,18,4027,H45,fdde3e50-29d1-4046-a5a6-3ec2f68a55b6,30,BRT Bus Mini Bus
GJ05BX8631,Yes,18,4027,H46,fdde3e50-29d1-4046-a5a6-3ec2f68a55b6,30,BRT Bus Mini Bus
GJ05BX8672,Yes,18,4027,H43,fdde3e50-29d1-4046-a5a6-3ec2f68a55b6,30,BRT Bus Mini Bus
GJ05BX8713,Yes,18,4027,H44,fdde3e50-29d1-4046-a5a6-3ec2f68a55b6,30,BRT Bus Mini Bus
GJ05BX8973,Yes,18,4027,H47,fdde3e50-29d1-4046-a5a6-3ec2f68a55b6,30,BRT Bus Mini Bus
GJ05BX8723,Yes,18,4027,H48,fdde3e50-29d1-4046-a5a6-3ec2f68a55b6,30,BRT Bus Mini Bus
GJ05BX8945,Yes,18,4027,H49,fdde3e50-29d1-4046-a5a6-3ec2f68a55b6,30,BRT Bus Mini Bus
GJ05BX8852,Yes,18,4027,H50,fdde3e50-29d1-4046-a5a6-3ec2f68a55b6,30,BRT Bus Mini Bus
GJ05BX3022,No,18,2003,M02,fdde3e50-29d1-4046-a5a6-3ec2f68a55b6,30,City Bus
GJ05BX3038,No,18,2003,M03,fdde3e50-29d1-4046-a5a6-3ec2f68a55b6,30,City Bus
GJ05BX3043,No,18,2003,M04,fdde3e50-29d1-4046-a5a6-3ec2f68a55b6,30,City Bus
GJ05BX3007,No,18,2003,M01,fdde3e50-29d1-4046-a5a6-3ec2f68a55b6,30,City Bus
GJ05BX3048,No,18,2003,M06,fdde3e50-29d1-4046-a5a6-3ec2f68a55b6,30,City Bus
GJ05BX3044,No,18,2003,M05,fdde3e50-29d1-4046-a5a6-3ec2f68a55b6,30,City Bus
GJ05BX3051,No,18,2003,M07,fdde3e50-29d1-4046-a5a6-3ec2f68a55b6,30,City Bus
GJ05BX3105,No,18,2003,M09,fdde3e50-29d1-4046-a5a6-3ec2f68a55b6,30,City Bus
GJ05BX3119,No,18,2003,M10,fdde3e50-29d1-4046-a5a6-3ec2f68a55b6,30,City Bus
GJ05BX3127,No,18,2003,M11,fdde3e50-29d1-4046-a5a6-3ec2f68a55b6,30,City Bus
GJ05BX3136,No,18,2003,M13,fdde3e50-29d1-4046-a5a6-3ec2f68a55b6,30,City Bus
GJ05BX3143,No,18,2003,M14,fdde3e50-29d1-4046-a5a6-3ec2f68a55b6,30,City Bus
GJ05BX3162,No,18,2003,M15,fdde3e50-29d1-4046-a5a6-3ec2f68a55b6,30,City Bus
GJ05BX3174,No,18,2003,M16,fdde3e50-29d1-4046-a5a6-3ec2f68a55b6,30,City Bus
GJ05BX3192,No,18,2003,M18,fdde3e50-29d1-4046-a5a6-3ec2f68a55b6,30,City Bus
GJ05BX3204,No,18,2003,M20,fdde3e50-29d1-4046-a5a6-3ec2f68a55b6,30,City Bus
GJ05BX3056,No,18,2003,M08,fdde3e50-29d1-4046-a5a6-3ec2f68a55b6,30,City Bus
GJ05BX3132,No,18,2003,M12,fdde3e50-29d1-4046-a5a6-3ec2f68a55b6,30,City Bus
GJ05BX3191,No,18,2003,M17,fdde3e50-29d1-4046-a5a6-3ec2f68a55b6,30,City Bus
GJ05BX3201,No,18,2003,M19,fdde3e50-29d1-4046-a5a6-3ec2f68a55b6,30,City Bus
GJ05BX3209,No,18,2003,M21,fdde3e50-29d1-4046-a5a6-3ec2f68a55b6,30,City Bus
GJ05BX3219,No,18,2003,M23,fdde3e50-29d1-4046-a5a6-3ec2f68a55b6,30,City Bus
GJ05BX3216,No,18,2003,M22,fdde3e50-29d1-4046-a5a6-3ec2f68a55b6,30,City Bus
GJ05BX3222,No,18,2003,M24,fdde3e50-29d1-4046-a5a6-3ec2f68a55b6,30,City Bus
GJ05BX3224,No,18,2003,M26,fdde3e50-29d1-4046-a5a6-3ec2f68a55b6,30,City Bus
GJ05BX3225,No,18,2003,M27,fdde3e50-29d1-4046-a5a6-3ec2f68a55b6,30,City Bus
GJ05BX3258,No,18,2003,M31,fdde3e50-29d1-4046-a5a6-3ec2f68a55b6,30,City Bus
GJ05BX3259,No,18,2003,M32,fdde3e50-29d1-4046-a5a6-3ec2f68a55b6,30,City Bus
GJ05BX3265,No,18,2003,M36,fdde3e50-29d1-4046-a5a6-3ec2f68a55b6,30,City Bus
GJ05BX3223,No,18,2003,M25,fdde3e50-29d1-4046-a5a6-3ec2f68a55b6,30,City Bus
GJ05BX3239,No,18,2003,M28,fdde3e50-29d1-4046-a5a6-3ec2f68a55b6,30,City Bus
GJ05BX3244,No,18,2003,M29,fdde3e50-29d1-4046-a5a6-3ec2f68a55b6,30,City Bus
GJ05BX3245,No,18,2003,M30,fdde3e50-29d1-4046-a5a6-3ec2f68a55b6,30,City Bus
GJ05BX3260,No,18,2003,M33,fdde3e50-29d1-4046-a5a6-3ec2f68a55b6,30,City Bus
GJ05BX3263,No,18,2003,M34,fdde3e50-29d1-4046-a5a6-3ec2f68a55b6,30,City Bus
GJ05BX3264,No,18,2003,M35,fdde3e50-29d1-4046-a5a6-3ec2f68a55b6,30,City Bus
GJ05BX3273,No,18,2003,M37,fdde3e50-29d1-4046-a5a6-3ec2f68a55b6,30,City Bus
GJ05BX3302,No,18,2003,M40,fdde3e50-29d1-4046-a5a6-3ec2f68a55b6,30,City Bus
GJ05BX3311,No,18,2003,M41,fdde3e50-29d1-4046-a5a6-3ec2f68a55b6,30,City Bus
GJ05BX3352,No,18,2003,M42,fdde3e50-29d1-4046-a5a6-3ec2f68a55b6,30,City Bus
GJ05BX3366,No,18,2003,M43,fdde3e50-29d1-4046-a5a6-3ec2f68a55b6,30,City Bus
GJ05BX3282,No,18,2003,M38,fdde3e50-29d1-4046-a5a6-3ec2f68a55b6,30,City Bus
GJ05BX3299,No,18,2003,M39,fdde3e50-29d1-4046-a5a6-3ec2f68a55b6,30,City Bus
GJ05BX3368,No,18,2003,M44,fdde3e50-29d1-4046-a5a6-3ec2f68a55b6,30,City Bus
GJ05BX3399,No,18,2003,M47,fdde3e50-29d1-4046-a5a6-3ec2f68a55b6,30,City Bus
GJ05BX3373,No,18,2003,M45,fdde3e50-29d1-4046-a5a6-3ec2f68a55b6,30,City Bus
GJ05BX3388,No,18,2003,M46,fdde3e50-29d1-4046-a5a6-3ec2f68a55b6,30,City Bus
GJ05BX3405,No,18,2003,M48,fdde3e50-29d1-4046-a5a6-3ec2f68a55b6,30,City Bus
GJ05BX3433,No,18,2003,M51,fdde3e50-29d1-4046-a5a6-3ec2f68a55b6,30,City Bus
GJ05BX3436,No,18,2003,M52,fdde3e50-29d1-4046-a5a6-3ec2f68a55b6,30,City Bus
GJ05BX3446,No,18,2003,M54,fdde3e50-29d1-4046-a5a6-3ec2f68a55b6,30,City Bus
GJ05BX3416,No,18,2003,M49,fdde3e50-29d1-4046-a5a6-3ec2f68a55b6,30,City Bus
GJ05BX3420,No,18,2003,M50,fdde3e50-29d1-4046-a5a6-3ec2f68a55b6,30,City Bus
GJ05BX3438,No,18,2003,M53,fdde3e50-29d1-4046-a5a6-3ec2f68a55b6,30,City Bus
GJ05BX3448,No,18,2003,M55,fdde3e50-29d1-4046-a5a6-3ec2f68a55b6,30,City Bus
GJ05BX3470,No,18,2003,M56,fdde3e50-29d1-4046-a5a6-3ec2f68a55b6,30,City Bus
GJ05BX3472,No,18,2003,M57,fdde3e50-29d1-4046-a5a6-3ec2f68a55b6,30,City Bus
GJ05BX3473,No,18,2003,M58,fdde3e50-29d1-4046-a5a6-3ec2f68a55b6,30,City Bus
GJ05BX3480,No,18,2003,M59,fdde3e50-29d1-4046-a5a6-3ec2f68a55b6,30,City Bus
GJ05BX3508,No,18,2003,M60,fdde3e50-29d1-4046-a5a6-3ec2f68a55b6,30,City Bus
GJ05BX3522,No,18,2003,M61,fdde3e50-29d1-4046-a5a6-3ec2f68a55b6,30,City Bus
GJ05BX3545,No,18,2003,M62,fdde3e50-29d1-4046-a5a6-3ec2f68a55b6,30,City Bus
GJ05BX3573,No,18,2003,M63,fdde3e50-29d1-4046-a5a6-3ec2f68a55b6,30,City Bus
GJ05BX3595,No,18,2003,M64,fdde3e50-29d1-4046-a5a6-3ec2f68a55b6,30,City Bus
GJ05BX3695,No,18,2003,M66,fdde3e50-29d1-4046-a5a6-3ec2f68a55b6,30,City Bus
GJ05BX3732,No,18,2003,M67,fdde3e50-29d1-4046-a5a6-3ec2f68a55b6,30,City Bus
GJ05BX3778,No,18,2003,M68,fdde3e50-29d1-4046-a5a6-3ec2f68a55b6,30,City Bus
GJ05BX3862,No,18,2003,M69,fdde3e50-29d1-4046-a5a6-3ec2f68a55b6,30,City Bus
GJ05BX3887,No,18,2003,M70,fdde3e50-29d1-4046-a5a6-3ec2f68a55b6,30,City Bus
GJ05BX3906,No,18,2003,M71,fdde3e50-29d1-4046-a5a6-3ec2f68a55b6,30,City Bus
GJ05BX3919,No,18,2003,M72,fdde3e50-29d1-4046-a5a6-3ec2f68a55b6,30,City Bus
GJ05BX3924,No,18,2003,M73,fdde3e50-29d1-4046-a5a6-3ec2f68a55b6,30,City Bus
GJ05BX3983,No,18,2003,M74,fdde3e50-29d1-4046-a5a6-3ec2f68a55b6,30,City Bus
GJ05BX3511,No,18,2003,M75,fdde3e50-29d1-4046-a5a6-3ec2f68a55b6,30,City Bus
GJ05BU3398,Yes,18,1,P11,fdde3e50-29d1-4046-a5a6-3ec2f68a55b6,30,BRT Bus  Long Chassis Bus
GJ05BU3648,Yes,18,1,P12,fdde3e50-29d1-4046-a5a6-3ec2f68a55b6,30,BRT Bus  Long Chassis Bus
GJ05BU3663,Yes,18,1,P13,fdde3e50-29d1-4046-a5a6-3ec2f68a55b6,30,BRT Bus  Long Chassis Bus
GJ05BU3824,Yes,18,1,P14,fdde3e50-29d1-4046-a5a6-3ec2f68a55b6,30,BRT Bus  Long Chassis Bus
GJ05BU8836,Yes,18,1,P16,fdde3e50-29d1-4046-a5a6-3ec2f68a55b6,30,BRT Bus  Long Chassis Bus
GJ05BU8838,Yes,18,1,P17,fdde3e50-29d1-4046-a5a6-3ec2f68a55b6,30,BRT Bus  Long Chassis Bus
GJ05BU8841,Yes,18,1,P18,fdde3e50-29d1-4046-a5a6-3ec2f68a55b6,30,BRT Bus  Long Chassis Bus
GJ05BU8865,Yes,18,1,P19,fdde3e50-29d1-4046-a5a6-3ec2f68a55b6,30,BRT Bus  Long Chassis Bus
GJ05BU9161,Yes,18,1,P21,fdde3e50-29d1-4046-a5a6-3ec2f68a55b6,30,BRT Bus  Long Chassis Bus
GJ05BU9162,Yes,18,1,P22,fdde3e50-29d1-4046-a5a6-3ec2f68a55b6,30,BRT Bus  Long Chassis Bus
GJ05BU9170,Yes,18,1,P23,fdde3e50-29d1-4046-a5a6-3ec2f68a55b6,30,BRT Bus  Long Chassis Bus
GJO5BU9184,Yes,18,1,P24,fdde3e50-29d1-4046-a5a6-3ec2f68a55b6,30,BRT Bus  Long Chassis Bus
GJ05BV2253,Yes,18,1,P25,fdde3e50-29d1-4046-a5a6-3ec2f68a55b6,30,BRT Bus  Long Chassis Bus
GJ05BV2044,Yes,18,1,P27,fdde3e50-29d1-4046-a5a6-3ec2f68a55b6,30,BRT Bus  Long Chassis Bus
GJ05BV2400,Yes,18,1,P28,fdde3e50-29d1-4046-a5a6-3ec2f68a55b6,30,BRT Bus  Long Chassis Bus
GJ05BV2159,Yes,18,1,P29,fdde3e50-29d1-4046-a5a6-3ec2f68a55b6,30,BRT Bus  Long Chassis Bus
GJ05BV2549,Yes,18,1,P30,fdde3e50-29d1-4046-a5a6-3ec2f68a55b6,30,BRT Bus  Long Chassis Bus
GJ05BV2742,Yes,18,1,P32,fdde3e50-29d1-4046-a5a6-3ec2f68a55b6,30,BRT Bus  Long Chassis Bus
GJ05BV2611,Yes,18,1,P31,fdde3e50-29d1-4046-a5a6-3ec2f68a55b6,30,BRT Bus  Long Chassis Bus
GJ05BV2776,Yes,18,1,P33,fdde3e50-29d1-4046-a5a6-3ec2f68a55b6,30,BRT Bus  Long Chassis Bus
GJ05BV2998,Yes,18,1,P34,fdde3e50-29d1-4046-a5a6-3ec2f68a55b6,30,BRT Bus  Long Chassis Bus
GJ05BV4137,Yes,18,1,P35,fdde3e50-29d1-4046-a5a6-3ec2f68a55b6,30,BRT Bus  Long Chassis Bus
GJ05BV4080,Yes,18,1,P36,fdde3e50-29d1-4046-a5a6-3ec2f68a55b6,30,BRT Bus  Long Chassis Bus
GJ05BV4172,Yes,18,1,P37,fdde3e50-29d1-4046-a5a6-3ec2f68a55b6,30,BRT Bus  Long Chassis Bus
GJ05BV4252,Yes,18,1,P38,fdde3e50-29d1-4046-a5a6-3ec2f68a55b6,30,BRT Bus  Long Chassis Bus
GJ05BV4449,Yes,18,1,P39,fdde3e50-29d1-4046-a5a6-3ec2f68a55b6,30,BRT Bus  Long Chassis Bus
GJ05BV4688,Yes,18,1,P41,fdde3e50-29d1-4046-a5a6-3ec2f68a55b6,30,BRT Bus  Long Chassis Bus
GJ05BV4819,Yes,18,1,P42,fdde3e50-29d1-4046-a5a6-3ec2f68a55b6,30,BRT Bus  Long Chassis Bus
GJ05BV4912,Yes,18,1,P43,fdde3e50-29d1-4046-a5a6-3ec2f68a55b6,30,BRT Bus  Long Chassis Bus
GJ05BV5408,Yes,18,1,P44,fdde3e50-29d1-4046-a5a6-3ec2f68a55b6,30,BRT Bus  Long Chassis Bus
GJ05BX0349,Yes,18,1,P45,fdde3e50-29d1-4046-a5a6-3ec2f68a55b6,30,BRT Bus  Long Chassis Bus
GJ05BX0587,Yes,18,1,P46,fdde3e50-29d1-4046-a5a6-3ec2f68a55b6,30,BRT Bus  Long Chassis Bus
GJ05BX0867,Yes,18,1,P47,fdde3e50-29d1-4046-a5a6-3ec2f68a55b6,30,BRT Bus  Long Chassis Bus
GJ05BX1007,Yes,18,1,P48,fdde3e50-29d1-4046-a5a6-3ec2f68a55b6,30,BRT Bus  Long Chassis Bus
GJ05BX1218,Yes,18,1,P49,fdde3e50-29d1-4046-a5a6-3ec2f68a55b6,30,BRT Bus  Long Chassis Bus
GJ05BX1382,Yes,18,1,P51,fdde3e50-29d1-4046-a5a6-3ec2f68a55b6,30,BRT Bus  Long Chassis Bus
GJ05BX1482,Yes,18,1,P53,fdde3e50-29d1-4046-a5a6-3ec2f68a55b6,30,BRT Bus  Long Chassis Bus
GJ05BX1314,Yes,18,1,P55,fdde3e50-29d1-4046-a5a6-3ec2f68a55b6,30,BRT Bus  Long Chassis Bus
GJ05BX1150,Yes,18,1,P59,fdde3e50-29d1-4046-a5a6-3ec2f68a55b6,30,BRT Bus  Long Chassis Bus
GJ05BX1430,Yes,18,1,P62,fdde3e50-29d1-4046-a5a6-3ec2f68a55b6,30,BRT Bus  Long Chassis Bus
GJ05BX1148,Yes,18,1,P63,fdde3e50-29d1-4046-a5a6-3ec2f68a55b6,30,BRT Bus  Long Chassis Bus
GJ05BX1378,Yes,18,1,P64,fdde3e50-29d1-4046-a5a6-3ec2f68a55b6,30,BRT Bus  Long Chassis Bus
GJ05BX1577,Yes,18,1,P66,fdde3e50-29d1-4046-a5a6-3ec2f68a55b6,30,BRT Bus  Long Chassis Bus
